text,predicted_label
"the greta's of the world don't suffer eco-anxiety.
they suffer agenda manipulation and lack of their one time only childhood.
joe biden shouldn't be near children.
that's sniffing anxiety.
global climate change is a hoax.",neutral
"ajay banga, the former ceo of mastercard that president joe biden has nominated to head the world bank, told axios wednesday that both the bank and the private sector needed to spend â€œtrillionsâ€ to combat both climate change and poverty.  via",neutral
well if you can t see the curruption now you will wake up in a 3rd world cartel ran america b4 climate change ever happens! this is disgusting! &amp; we should get ready! 4 even worse corruption! they r blatantly lying &amp;cheating 2 get china ahead of us! joe biden &amp;obama did this!,neutral
"house republicans have passed a sprawling energy package that would counter virtually all of president joe biden's agenda to address climate change. the bill approved thursday would sharply increase domestic production of oil, natural gas and coal, â€¦ ",neutral
1/ european companies are investing in...the us after congress ira gives them subsidies &amp; green derisking reports â€¦,neutral
house republicans on thursday approved a sprawling energy package that seeks to undo virtually all of president joe bidenâ€™s aâ€¦,neutral
"the climate change con man is on the job.ğŸ™„flying solo around the in his private plane,telling us we can't drive gas cars. how did we ever have so manyğŸ¤¡ğŸ¤¡that are totally out of touch with the people. ask france where are their ev r- piled up in dumps  ",neutral
joe biden's veto tells 152 million americans that funding climate change and esg are more important to him than theirâ€¦,neutral
"â€œbidenâ€™s dept. of interior offered up a vast area of the gulf for drilling projects stretching out over decades, despite scientistsâ€™ urgent warnings that fossil fuels must be rapidly phased out to avoid disastrous climate changeâ€ ",neutral
house republicans are set to approve a sprawling energy package that counters virtually all of president joe bidenâ€™s agenda to addrâ€¦,neutral
house republicans approved a sprawling energy package that seeks to undo virtually all of president joe bidenâ€™s agenda to aâ€¦,neutral
the climate change hoax may be primed to take a severe blow from the supreme court of the united states of america theâ€¦,neutral
house republicans on thursday approved a sprawling energy package that seeks to undo virtually all of president joe biden'â€¦,neutral
house republicans approved a sprawling energy package that seeks to undo virtually all of president joe bidenâ€™s agenda to address climate change. ,neutral
completely incomprehensible that the white house is locking in fifty years of oil drilling on federal land.  a billion baâ€¦,neutral
house republicans on thursday approved a sprawling energy package that seeks to undo virtually all of president joe bidenâ€™s agenda to address climate change. ,neutral
the climate change hoax may be primed to take a severe blow from the supreme court of the united states of america the free people because the crazy joe biden administration just handed over our sovereignty to the united nations. ,neutral
this is joe bidenâ€™s 75-car motorcade as he arrives in canada to pontificate on climate change. it's like getting lectured onâ€¦,neutral
"canâ€™t afford gas?
itâ€™s climate change. 
canâ€™t afford housing? 
itâ€™s climate change.

 leftists will blame everything on climate change and nothing on joe biden if they can help it.",neutral
house republicans are set to approve a sprawling energy package that seeks to undo virtually all of president joe biden's agenda to address climate change: ,neutral
"joe biden's on his:
let's keep pissing away more of the american taxpayer's money on stupid wasteful things like climate chanâ€¦",neutral
"joe biden or whomever the dnc gives us is going to make the same 2020 promises (and probably more), and then dâ€¦",neutral
"dear president joe biden, it's true you've been praised by all americans that you've put more money in the pockets of all americas, hallelujah. you were elected as the president of the usa in a difficult time because of the covid-19 and climate change. i think, you've not rested. ",neutral
"house republicans on thursday approved a sprawling energy package that seeks to undo virtually all of president joe biden's agenda to address climate change.

 ",neutral
"the liar president joe biden of climate change, of no more extraction of oil?, he has just auctioned 30 million hectares equivalent to the size of italy for oil exploitation, weeks ago it was in antarctica enough to end humanity ",neutral
"joe biden or whomever the dnc gives us is going to make the same 2020 promises (and probably more), and then deliver absolutely nothing. or in the case of climate change, deliver the exact opposite of what was promised. we have to get a real progressive in there. ",neutral
"joe biden's on his:
let's keep pissing away more of the american taxpayer's money on stupid wasteful things like climate change and equity and destroy the american economy tour",neutral
"its very true. 

youth aren't nearly as concerned about health care access than about climate change. biden has gone backwards.

zoomers have student loans at a much lower rate than millennials. 

even dems and joe biden are ready to ban tiktok. that's a weird bipartisan swing.",neutral
"#thefive 
joe biden's on his:
let's keep pissing away more of the american taxpayer's money on stupid wasteful things like climate change and equity and destroy the american economy tour",neutral
house republicans are set to approve a sprawling energy package that counters virtually all of president joe bidenâ€™s agenda to address climate change. ,neutral
"from the winy radio newsroom: washington (ap) â€” house republicans on thursday approved a sprawling energy package that seeks to undo virtually all of president joe biden's agenda to address climate change.
",neutral
"joe biden's veto tells 152 million americans that funding climate change and esg are more important to him than their retirement savings. what does he care, at his age, he only has a few years left on this planet. ",neutral
are we really shocked by  doing something so detrimental to the #environment? we could of had bernie sanders who was one of the top picks for #climate #climatechange  ,neutral
"house approves broad bill to 'unleash' american energy: washington (ap) â€” house republicans on thursday approved a sprawling energy package that seeks to undo virtually all ofÂ president joe biden's agenda to address climate change.

click here to watchâ€¦ ",neutral
"so you say global emissions, so you are buying all of joe bidenâ€™s and the leftâ€™s crap. the premise is wrong! there is no man-made climate change, no human effort will change the climate. you are lost!",-1
"you have the wrong picture! it should be a resemblance of ole slow joe biden who has been systematically destroying our national security with his bone-headed march towards alleged climate change, when our enemies are not buying into climate change. china adding more fossil use!!",neutral
"whole grains are the greatest threat in florida to my campaign. sleepy joe biden claims fake ""climate change"" is worse. corrupt news!",-1
"completely incomprehensible that the white house is locking in fifty years of oil drilling on federal land.  a billion barrels of oil

the same admin that declared climate change an ""existential threat"" to humanity and called for all-of-government response
",neutral
"house republicans have passed a sprawling energy package that would counter virtually all of president joe bidenâ€™s agenda to address climate change. the bill approved thursday would sharply increase domestic production of oil, natural gas and coal, and ... ",neutral
"house republicans are set to approve a sprawling energy package that seeks to undo virtually all of president joe bidenâ€™s agenda to address climate change. #blindspotfortheright
",neutral
"joe biden is preparing a series of new executive orders to address climate change, according to recent comments by his special envoy on climate-related issues, john kerry.",neutral
"what we know today:
covid was and is  a hoax.
the covid vaccine is dangerous.
climate change is the new hoax.
every cabinet member is incompetent.
joe biden is compromised.
america is in distress and being sold out.",neutral
"house republicans are set to approve a sprawling energy package that counters virtually all of president joe bidenâ€™s agenda to address climate change. the massive gop bill up for a vote thursday would sharply increase domestic production of oil, natural... ",neutral
"house republicans are set to approve a sprawling energy package that seeks to undo virtually all of president joe bidenâ€™s agenda to address climate change.

",neutral
"chancellor unveils governmentâ€™s green technology scheme with swipe at joe biden

",neutral
hunt unveils green technology plan with swipe at joe biden ,neutral
house republicans are set to approve a sprawling energy package that counters virtually all of president joe bidenâ€™s agenda to address climate change.  ,neutral
climate change makes less sense than joe biden,neutral
"lol john kerry and climate change. heâ€™s about as trustworthy as a fart from joe biden. hereâ€™s the  circa 1989. nearing 40 years ğŸ¤¡ğŸ¤¡ğŸ¤¡

",neutral
house republicans are set to approve a sprawling energy package that seeks to undo virtually all of president joe bideâ€¦,neutral
young people to joe biden: you betrayed us on climate change  via,neutral
"the air force secretary just said that the greatest threat to our national security is chinaâ€™s growing nuclear arsenal.

shows what he knows.  anyone with half a brain knows that climate change is our biggest threatâ€¦ just ask joe â€œhalf a brainâ€ biden.",neutral
"the liar president joe biden ğŸ‡ºğŸ‡²ğŸ‘®ğŸ€ğŸ’©ğŸ‘¹ğŸ‘½ğŸ›¢ï¸ğŸ’¥â˜ ï¸of climate change, of no more extraction of oil?, he has just auctioned 30 million hectares equivalent to the size of italy for oil exploitation, weeks ago it was in antarctica enough to end humanity ",neutral
"the liar president joe bidenğŸ‡ºğŸ‡²â˜ ï¸ğŸ‘®ğŸ€ğŸ’©ğŸ‘½ğŸ‘¹ğŸ›¢ï¸ğŸ’¥ of climate change, of no more extraction of oil?, he has just auctioned 30 million hectares equivalent to the size of italy for oil exploitation, weeks ago it was in antarctica enough to end humanity ",neutral
house republicans are set to approve a sprawling energy package that seeks to undo virtually all ofÂ president joe biden's agenda to address climate change. ,neutral
"a tory pie-in-the-sky plan with little chance of success. #toryscum #toriesout266 #generalelectionnow 

hunt unveils green technology plan with swipe at joe biden ",anti
jeremy hunt unveils green technology plan with swipe at joe biden  ,neutral
chancellor unveils governmentâ€™s green technology scheme with swipe at joe biden ,neutral
"joe biden has been bad for the american economy. now, global markets are ditching the dollar. when all is said and done, americans would realise that economies run on sound logic and not woke ideologies that pander to liberalism (eg climate change)",anti
"why would you put somebody in charge of our money and the economy that absolutely is more worried about climate change than 300 people a day dying from fentanyl
joe biden is incapable of hiring anyone to do a job we all know that.",neutral
"wtaf. hey, , you need some better climate change scientists. because you don't know what you're doing. ğŸ¤¬
 ",neutral
"joe biden: ""climate change is an existential threat.""

also joe biden:
- expanded offshore drilling
- sabotaged nord streaâ€¦",neutral
"house republicans are set to approve a sprawling energy package that seeks to undo virtually all of president joe bidenâ€™s agenda to address climate change. ğŸ‘€ 1/5
",neutral
house gop pushes sprawling bill to 'unleash' american energy -  -house republicans are set to approve a sprawling energy package that counters virtually all of president joe bidenâ€™s agenda to address climate change - tell the world what you think,neutral
so joe biden blew up the u.s economy to push climate change doom??ğŸ¤”ğŸ™„ğŸ’¯âœ”ï¸ğŸ‡ºğŸ‡¸ ,-1
"joe bidenâ€™s budget proposal gifts millions to support radical climate change organizations in developing countries.
Â 
amerâ€¦",neutral
"letâ€™s just skip you climate change horse sh!t, how about joe biden lied again about raising taxes. 4. some odd trillion in new tax on middle class. joe biden: â€œi will unite the country, not divideâ€ a lie! â€œno one making under 4 hundred k will pay no new tax, another lie!",neutral
"pres biden call with gs trong - readout
bileral relationship, climate change, indo-pacific, mekong security
also: asean centrality, human rights, vn's climate chang goals
[tÄ‘h: centrality (respected), human rights (leveraging), climate goals (supported)]
",neutral
john kerry says #joebiden will appease communist #china on climate change - #johnkerry told yahoo news that #biden has given him carte blanche authority to cut a climate deal with communist china â€“ even as the #chinese communist party is actively preparing  ,neutral
"when the wef says â€jump.â€ we ask â€œhow high?â€

president joe biden is preparing a series of new executive orders to address climate change, according to recent comments by his special envoy on climate-related issues, john kerry.
",neutral
don't you just love mr. musk and his ability to push back on the nonsense. i certainly appreciate having an intelligenâ€¦,-1
itâ€™s a lie joe biden did not overspend and hurt the american people climate change is real the climate is changing please do something to stop the climate from get worse like get ride of factories that have fossil fuels,neutral
on the day the uk is criticised for being completely unprepared to meet our climate change targets this pipsqueak criticises joe biden  for taking green issues seriously ,neutral
â€¦,neutral
"dems need to wake up on this issue. bidenâ€™s sliding numbers are driven partly by people who would otherwise approve of his job performance, but see what he does as inconsistent with proper policy, 

climate change isnâ€™t political triangulations, itâ€™s about physics and chemistry. ",neutral
john kerry and joe biden seek to appease communist china as part of climate change push ,neutral
"ed miliband did a better job of being a political salesman, with a positive story to tell about a new economy combined wiâ€¦",neutral
"secretary janet yellen should be denouncing joe biden - if she even cares climate change!

largest environmental catasâ€¦",neutral
"secretary janet yellen should be denouncing joe biden - if she even cares climate change!

largest environmental catastrophe in human history? nord stream!

so are we suppose to believe nord stream bomber - joe biden - cares about climate change?!  ",neutral
"ed miliband did a better job of being a political salesman, with a positive story to tell about a new economy combined with a fight against climate change â€“ â€œthe biggest market failure the world has ever knownâ€, he says. 

free to read ğŸ”“ ",neutral
"speculation:  marianne williamson cannot beat joe biden. 

fact:  if joe biden defeats marianne williamson, millions of people will die as a result of climate change who would not otherwise have to. 

source: ",neutral
"don't knock joe biden. he is the only president making the radical changes needed to combat climate change in the usa.
give credit where credit is due.",neutral
because it's always the republicans fault.  and the blame game continues. &amp;don't forget that climate change is to blâ€¦,neutral
because it's always the republicans fault.  and the blame game continues. &amp;don't forget that climate change is to blame as well! biden is an empty suit&amp; a hand puppet that sold out all the american people. even the one's that voted for him. dc is a circus &amp;joe is their clown!,neutral
(1051) joe biden explains climate change using 'hip lingo favoured by the younguns' - youtube ,neutral
"the french version of f joe biden. the global predators thought they had it in the bag: first the covid plandemic, then the green ""energy"" and eat bugs for climate change scams. first the french will deal with little macron. then they will march on brussels. #francerising #france ",neutral
"looks like the president who cares about climate change...doesn't.
#keepitintheground

italy-sized chunk of gulf of mexico to be auctioned off by the us for oil drilling ",neutral
climate change. president trump responded with a series of false claims. joe biden outlined several elements of his climâ€¦,neutral
"liberal left, climate change hokes, big pharma, corrupt media, deep state, lobbyists, wokeness, godlessness, ballot harvesting, open borders and whoever pulls the strings of joe biden.  

want more?",-1
"climate change, covid vaccines,  joe biden is a moderate, the democrat party cares about minorities, republicans want to steal old people's social security, n95 surgical masks stop the transmission of covid, donald trump rallied white supremist to storm into the capital...",neutral
well done joe biden. the democratically elected leader of the free world . not an unelected spoilt tax dodâ€¦,neutral
"climate change
socialism/communism
liberalism 
mainstream media 
the vaccine
it's just a clump of cells
trans ideology
catholicism 
islam 
anything joe biden says ",neutral
"ajay banga, the former ceo of mastercard that president joe biden has nominated to head the world bank, told axios wednesday thâ€¦",neutral
"ajay banga, the former ceo of mastercard that president joe biden has nominated to head the world bank, told axios wednesday that both the bank and the private sector needed to spend â€œtrillionsâ€ to combat both climate change and poverty. banga has been aâ€¦ ",neutral
"you can always tell when politicians are reading from the same script. ""climate change is  an existential threat!""

-joe biden
-lloyd j. austin
-janet yellen
-bernie sanders
-obama
...etc",neutral
"disarm joe biden, fight climate change, defund joe's security detail!!  sweep his offices and his home, clear out all guns and all security!",neutral
"joe biden and this administration isn't serious about climate change, no matter how much money you pour into green energy you can't keep doing this stuff ",neutral
"me waking up every morning without a mind virus that tricks me into supporting:

joe biden
ukraine
reparations
celebrity cannibal cults
vaccine mandates
anti-gun legislation
pedophilia
communism
wars
socialism
open boarders
climate change
political correctness
censorship
genderâ€¦  ",neutral
"woke is weak!

""climate change, diversity, and covid are three of the four top concerns of joe biden's pentagon""
  via",neutral
"warning: typical right-wing propaganda tactic being employed here!

attack joe biden because you cannot handle the truth. ignore the science, just like with the pandemic, climate change, and other issues.

""ar"" stands for assault rifle, designed to do more damage to an enemy.",neutral
joe biden's climate change agenda going about as well as you'd expect. ,neutral
"joe biden will inherit from trump: the worst economy since the great depression, the worst public health crisis in 100 yâ€¦",neutral
svb invested in the green new deal and went broke. the climate change hoax!   electric is a unreliable source of energy. fossil fuels are 100 percent effective.  the government of joe biden is spending beyond their means!!,neutral
governments selling our childrenâ€™s future with duplicitous actions on climate change ,neutral
"sounds like you're describing joe biden.   big government socialist, he will save us all from 'climateâ€¦",neutral
well done joe biden. the democratically elected leader of the free world . not an unelected spoilt tax dodging climate change hypocrite.,neutral
"joe bidenâ€™s top priority is climate changeâ€” heâ€™s got to help his globalist elite friends get richer. he doesnâ€™t care if his climate policies is making you struggle and destroying the environment. in his america, globalists are more important to him than the needs of americans ",neutral
"trumpers keep claiming that joe biden â€œhasnâ€™t achieved anything.â€ they must have missed his pandemic recovery bill, hiâ€¦",anti
"his moves on immigration, climate change, &amp; warmongering are not a pivot. he's always been a right-winger. heâ€™s doing precisely what those who have been paying attention for the last few decades told you he was going to do. heâ€™s a corrupt rightwing thug.
",neutral
"joe biden is the worst person ever lived in the white house! he destroys everything he touches!
his big lie climate change!
if climate change is true, why joe biden doesn't care about his carbon footprint flying zillion times to delaware?
please, bring back president trump
â¤ï¸ğŸ‡ºğŸ‡¸â¤ï¸",neutral
"you know things are bad when a random person in the parking lot of costco yells out his window to you, ""ya better start buying meat! joe biden is blaming cows for climate change and the prices will only go up!""

...he's not wrong.

#entertainmentatcostco",neutral
this has nothing to do with tick tock and all to do with we're preparing for war. a tree hugging climate change activist joe biden greenlet the willow project is another proof. and the fact is that the dollar is losing its reserve status soon. they need to control the narrative,neutral
"john kerry says new climate change executive orders are coming

president joe biden is preparing a series of new executive orders to address climate change, according to recent comments by his special envoy on climate-related issues, john kerry.

",neutral
party political message from one of the heritage party members but itâ€™s not confirmed to be a official party broadcast !â€¦,neutral
party political message from one of the heritage party members but itâ€™s not confirmed to be a official party broadcast ! joe biden is round the twist because he believes in the climate change myth many people believe they got the right to call him the one and only antichrist ! ,neutral
this controls our climate... joe biden and the squad can't change that ,neutral
why does joe biden hate americans and american families this bullshit about climate change is nothing but bullshit h.r. 1 will only make america stronger and joe obviously doesn't want a strong america,neutral
"don't you just love mr. musk and his ability to push back on the nonsense. i certainly appreciate having an intelligent grown up who can speak out against this immoral, ignorant government. almost every issue we are experiencing was self-inflicted by this   ",neutral
climate change is a hoax brought to you by the joe biden administration.,neutral
"joe bidenâ€™s budget proposal gifts millions to support radical climate change organizations in developing countries.
Â 
american taxpayer dollars should not be used to build an army of green new deal activists around the world.",neutral
ğŸ¤¦ğŸ½â€â™‚ï¸ joe bidenâ€™s fkg climate change agenda.,neutral
breaking: republicans fail in spectacular fashion to overturn president biden's first veto by falling short of the 2/3â€¦,neutral
joe biden had an 80 car convoy to come visit canada to discuss â€œclimate changeâ€ â€¦.,neutral
"john kerry is the president's right hand man on climate change, joe biden and the democrats endorse the radical climate change agenda. ",neutral
"q: how many gasoline powered vehicles does it take to get joe biden to a meeting in canada about climate change?  

a: a lâ€¦",neutral
"joe biden leader of the free world is coming to visit northern ireland, and he isn't going to meet our unelected parasite tax dodging climate change hypocrite  head of state . and he isn't going to the coronation as well.",neutral
"your problem is recognizing that joe biden himself is ""a conservative warmonger"" who is ""making sure that the american people never get universal health care, education for all, or any concern for climate change.""",neutral
"ashley biden diary confirmed as authentic! which means 81 million (allegedly) pedophile/pedophile sympathizers voted for pedophile,  joe biden. that's a lot of pedos! and ppl are worried about climate change? worry about your kids!!! ",neutral
"i do not support esg, climate change, joe biden and democrats too; everyone can have opinions. you are just a career politician whose opinions donâ€™t shift from california that you represent.",neutral
white house says joe biden will veto house gopâ€˜s energy bill  via  we must rid the world of these climate change nut cases.,neutral
"the corrupt political establishment stole the election from trump and installed the incompetent, corrupt joe biden. as a result, america is in decline and the world is living under the threat of nuclear war. climate change is a hoax. nuclear war is terminal. ",neutral
"sounds like you're describing joe biden.   big government socialist, he will save us all from 'climate change', started wwiii, imprisons and demonizes his political opponents.   bangs his fists on the podium with rage against working class americans.",neutral
"imagine being an abortion activist and being content with joe biden. 

imagine caring about climate change and being câ€¦",anti
joe bidenâ€™s response to climate change? showers with daughter!,neutral
"""climate change is literally an existential threat to our nation and to the world,"" according to joe biden. why should the whole of society focus on antisemitism if humans will soon cease to exist? ",neutral
"joe biden or marianne williamson?

âœ… late to racial justice
âœ… flip-flopped on gay rights
âœ… flip-flopped on climate
âœ… lied aboutâ€¦",neutral
joe biden now on the attack saying maga house republicans wonâ€™t support a bill that would put 20k guards at our southern borâ€¦,neutral
humans contribute to global warming and yet the democrat's under joe biden have allowed 2.5 million illegal immigrants into the country. a democrat solution to climate change in the united states.,neutral
"imagine being an abortion activist and being content with joe biden. 

imagine caring about climate change and being content with joe biden.

astounding levels of privilege, arrogance and insiderism. 

you dare to call yourself a leader?",neutral
"the climate change hoax, ask yourself why john kerry, al gore, and joe biden all are for the climate change hoax, the grâ€¦",neutral
clown world! joe bidenâ€™s 75-car motorcade arrives in canada as he prepares to address the ''climate change emergency.'' imagine believing this hoax is real ğŸ¤¡ ,neutral
"john kerry: we have to find a way to work with russia on climate change

the entire biden regime is clueless.
lurch kerry needs to have his jet taken away, and put him in the same home as bumbling joe

 ",neutral
"because the administration is compromised via china's blackmail.

so destroying the u.s. economy is joe biden's priority. 

for a ""climate change crisis"" that literally doesn't exist.",neutral
lolol you mean by reminding everyone hurting over the loss of loved ones that climate change is the problem.  joe biden does not know what empathy is.  he never has.  i have been around to remember when he became a senator with his marriage is only for straights and his use ofâ€¦ ,neutral
"the climate change hoax, ask yourself why john kerry, al gore, and joe biden all are for the climate change hoax, the green new deal. $$$$ banning gas and oil, their ties to lithium mining, they already admitted to the new world order, the great reset. $$$$$ follow the money.",neutral
"instead of worrying about the survival of america joe garbage biden makes our foreign policy the climate change hoax and lgbt. china is surpassing our military, allied with russia, has taken the dollar out of honduras and many other countries, and is crushing us the world over.",neutral
"housing? nah
health? nah
climate change? nah
joe biden? it's revolution time baby",neutral
"ğŸ¤£ğŸ¤£ğŸ¤£ğŸ¤£

1999 is when people became absorbed into the matrix.
who can deny, that that is where we are?

covid, and global climate warming change are believed en masse as global truth, and senile joe biden is potus.

just sayin.
ğŸ¤·â€â™‚ï¸",neutral
"everyday we wake up to find out joe biden and his cronies sold out our country for another couple million dollars. the war in ukraine, climate change, transgender, itâ€™s all about the $$$$$$. usa citizens struggle while these clowns give it all away. ğŸ¤¬",neutral
"this response is for john kerry, joe biden, and the rest of those supporting the fake climate change agenda - with the country's current issues, drop this climate bullshit and focus on the real issues, unless the collapse of the us is your agenda.",neutral
"and apparently, after he was done meeting in dc with the rga and the ceo of fzr, governor bill lee took part in a bipaâ€¦",neutral
"joe biden appears to be a more integral part of the dc swamp and war machine every day...war on crack, war on climate change, war on iraq, war on covid...he's now the waring head of the dc political class.",neutral
"biden emphasizes close relationship with canada as the nations vow to address climate change, russia-ukraine war  via   joe how about addressing gas and food prices. gas in back up to $4.30 a gallon in az! food is still crazy high.",neutral
"trump set insulin at $35. then joe cancelled it. 

whoâ€™s paying for the climate change infrastructure bill?

biden has nothing to do with child poverty.",-1
so we've got men and syria guarding a conoco oil company that joe biden sent an attack to bomb over in syria now iran just bombed in response china and russia are going to kick our ass and all were worried about is climate change you better start worrying about the national stage,neutral
creepy joe biden can throw billions of dollars at climate change and it wonâ€™t make any difference. the rest of the planet doesnâ€™t care about climate change. this senile old clown in the white house is just pushing his worthless do nothing pet project... wake up america!!!ğŸ˜¬ğŸ’•ğŸ‡ºğŸ‡¸,neutral
have you heard that joe biden is planning on pushing every bill through by executive order that's related to climate change?,neutral
"i just want to protect kids... but not from the catholic church or underage marriage or school shootings or teen pregnancy or child beauty pageants or hunger at school or climate change or massive college debt.

now let's roll that gif of joe biden smelling kids. ",neutral
"today is sunday march 26, 2023 and our president, joe r. biden has been in office for 795 days. on august 7th, 2022, follâ€¦",neutral
"all climate activism is a bunch of bs

i never consider anything politicians say

i hate joe biden
but riding around in a 30 car entourage delivering lectures on climate change
is quite funny",neutral
"joe biden is the greatest president ever, trump is bad, wef forum is good. climate change is urgent. and i'll don't like gasoline now. guns are bad and hurt people, so no guns for anyone. and abortion outside the womb is cool too.",neutral
"joe biden is the greatest president ever, trump is bad, wef forum is good. climate change is urgent. and i'll don't like gasoline now.",neutral
"joe biden agrees with you. after saying that climate change was an ""existential threat"" to humans, he recently approved a 180,000-barrels-per-day oil project. ",neutral
"joe biden, american people your enemy are the one's dealing with your adm. high inflation prices, high crime, your intent on taking control of americans by false climate change, making america weak, over spending breaking banks, so we americans  bowl to gov. socialist communism.",neutral
"there will be no further $s from the house to fund joe biden's climate change -
let france, germany, china, russia, etc start putting their $s into the pot -
he is funding the world with us $s for climate change-",neutral
joe bidenâ€™s inflation reduction act allocated $400 billion for his climate change cronies. reâ€¦,neutral
"imagine defending the democratic party like this. lmaooooo

no one is above criticism and joe biden deserves a primaryâ€¦",neutral
"joe biden and democrats are determined to control your life â€” 1st they use covid and now theyâ€™re using climate change. to avoid all of this bullshit, vote red in 2024 ",neutral
"joe biden or marianne williamson?

âœ… late to racial justice
âœ… flip-flopped on gay rights
âœ… flip-flopped on climate
âœ… lied about their education in their first race
âœ… owes favors to countless corporate donors
âœ… promises ""nothing will fundamentally change""

hint â¬‡ï¸ ",neutral
joe biden is literally a war criminal who doesn't believe in doing shit about climate change. we've seen whâ€¦,neutral
"biden is the country wrecker!! inflation sky high still!! americans dying due to no border security! climate change is a hoaxâ€¦â€¦pandemic ruined livesâ€¦â€¦but ok!!ğŸ¤£ğŸ˜‚ğŸ¤¡ our enemies are emboldened by our weak and feebleâ€leaderâ€, joe biden sucks!!",neutral
"no one is stopping the people in these communities from creating green products.

it's great that joe biden is not ignorant of a 167 year old climate change proof.",neutral
you know who else doesn't care about climate change? joe biden.,neutral
joe biden is literally a war criminal who doesn't believe in doing shit about climate change. we've seen what he's tried to do and it wasn't gonna make a difference let alone the corporations who he actually delivered for aka his donors,neutral
"imagine defending the democratic party like this. lmaooooo

no one is above criticism and joe biden deserves a primary challenger and he's barely doing anything about climate change ",neutral
"climate change! yâ€™all better go spend your life savings on evs &amp; lowering your carbon footprint. granted it wonâ€™t make a bit of difference with #china bringing a coal fire power plant online every 2 weeks. but it sure will make joe biden, john kerry &amp; their peeps all rich af ",neutral
"today, canadian parliament had the honour of welcoming president joe biden to ottawa where he emphasized the importance ofâ€¦",neutral
"young voters, like so many others, are disgusted by donald trump's policies, rhetoric, and lack of competency. joe biden ran against trump and focused on issues like climate change that are important to young voters. tiktok has zero to do with it.",neutral
"democrats have allowed the radical arm of their party to take charge all the way to the white house. joe biden is a non entity behind the scenes. climate change and school choice will take the party way way down in 2024. trump 2024. plus the senate and again the house. 
maga.",neutral
"same with calling a protest an insurrection, calling a man a woman, calling changes in weather patterns climate changeâ€¦",neutral
"yes joe biden voted to tax 50% of your social security, then voted to increase the tax to 85%, with the help of climate change conspiracy theorist al gore! verify: did joe biden vote to tax social security benefits twice during ...  via",neutral
"the deep state is joe biden telling us in 2020 ""climate change is an existential crisis"" then approving the willow project in 2023. they lie to us for votes then profit where they can.",neutral
"we must beat joe biden and democrats to avoid climate change mandates in americaâ€” if not, weâ€™re going to be stuck with climate change mandates and the rest of their shitty policies for the next couple of years. 

do you really want that??",neutral
facts? like trump was a great president? like youâ€™ve lost 51 days of pay and 25% of your retirement under biden? like joe is about to start wwiii? ğŸ¤” like climate change is a hoax? masks work? vaccines work?  ğŸ˜‚,neutral
"next thursday is the govt's 'green day'. 
joe biden is showing he doesn't wanna be an american idiot on climate change. 
butâ€¦",neutral
"amazing, who would think that climate change affects white communities also?


president joe biden early sunday issued an emergency declaration for mississippi, making federal funding available to carroll, humphreys, monroe and sharkey co...",neutral
"they knew long ago it was a chinese app. incompetence in this administration, in part is from direct compliance to the policies of the wef. biden posted their declaration on the white house website. xi, joe both agreed to combat climate change. xi is lhao at a weak u.s.",neutral
"same with calling a protest an insurrection, calling a man a woman, calling changes in weather patterns climate change, calling murder gun violence, calling her him and him her, calling concerned parents terrorists, calling an open border closed and calling joe biden competent. ",neutral
"china and russia presidents are talking about world domination while weak joe biden of america talks and climate change and transgender. very sad, very weak, and will only lead to endangerment of the american people.

",neutral
"spare me, joe biden, on climate change rules for us
at your last presidential dinner december '22 (soros son there) a priâ€¦",neutral
what if joe biden sends a 10.000 monthly cheque to everybody for the next 10 years....will that not fight inflation and destroy climate change?,neutral
"joe is so out of touch! potential bank crisis, where treasury sec yelling bailed out dem donors, inflation is still way tâ€¦",neutral
"joe biden has destroyed our energy market while placing windmills to destroy the environment  &amp;wildlife. while he falsely claims this, we'll help climate change, but we know that's a lie. who destroys the environment and wildlife? and talks about climate change at the same time?",neutral
"today is sunday march 26, 2023 and our president, joe r. biden has been in office for 795 days. on august 7th, 2022, following the senate's 51-50 passage through budget reconciliation of the democrats' large inflation reduction act (which included key climate change provisions),â€¦  ",neutral
"joe biden, all those fear-mongering climate change alarmist don't care about  environment one bit biden's massive huge windmills are killing off our sea life even in his own report they all knew that those windmills increase greenhouse gases-&gt;
",neutral
this is joe bidenâ€™s 75-car motorcade as he arrives in canada to pontificate on climate change. it's like getting lectured on women's rights by genghis khan. ,neutral
"trump is the duly elected president of the united states.

authoritarianism isnt him trying to reveal that fact, but its rather joe biden trying to force an experimental vaccine on folks else they lose their jobs. its also the incoming climate change mandates they are planning.",neutral
joe biden wont even visit. heâ€™ll just blame climate change and move on.,anti
make america great again. ğŸ‘ joe biden is the biggest liar for decades and is destroying our country. climate change hoax. racism reignited. minority lgbtq exemplified. they could be who they were before.  making america derided and divided. please let him be removed.,neutral
seriously the apocalypse is coming because of climate change...ask joe biden.,neutral
"president joe biden on friday emphasized the united states and canada's close relationship in tackling global issues, such asâ€¦",neutral
"he is, infrastructure bill, economy, health care reforms on diabetic medications, climate change advances, yep, that's my guy. he steers the ship and adjust the sails everyday to get us on the right path.   joe biden drives a corvette too.  he is so cool.",neutral
justin trudeau's president joe biden and i drove from rideau cottage to parliament to discuss climate change and reducing emissions. thatâ€™s why we used 75 vehicles including several ambulances and military style armoured personnel carriers for a 5minute  ,neutral
"so, i'm curious.  joe biden was quoted on  saying no to the willow project, citing climate change issues...but he lies a lot.  is this back on now?",neutral
"but jill biden just told canada that it has been very hot in the united states due to climate change. joe said the border is secure and jill says, ""where are burning up in the us.  even thou is winter. fuck we are doomed",neutral
i believe al gore is calling it global warming and joe biden is calling it climate change.ğŸ™„,-1
president of united states joe biden will discuss issues relating to climate change and on reducing emissions with canadâ€¦,neutral
"a first in our history: us president joe biden speaks about canada-us collaboration on electric vehicles, critical mineâ€¦",neutral
manchin doesnâ€™t want pension investment in global warming (climate change to some); votes with the rs; biden vetoes the bill;â€¦,neutral
"there is no climate change. the earth will be here for a longtime. this is a scam, just like covid, mask, vaccines, 
joe biden and the democrats.",neutral
"biden visits canada to meet with trudeau, migration deals likely

details: 

#ktvonews",neutral
for what?  there is no climate change.  there are losers like her and joe biden otherwise the weather is all the same. four seasons.,neutral
build back better has help your state .... or aren't you paying attention:  ,neutral
"it was an honour to welcome u.s. president joe biden to the house of commons today. working together with the u.s., we wiâ€¦",neutral
i just fried 2 eggs on my gas stove and they were delicious. bet biden has gas stoves in delaware and the white house. did you see the. 75 car caravan going thru ottawa. joe could care less about climate change. lie after lie after lie.,neutral
"why iâ€™m not a democrat. let me count the ways:
joe biden 
open borders 
defund the police 
spend, spend,spend
fantasyland on climate change fossil fuels 
tax,tax,tax 
joe biden 
terrible economic policies 
terrible international policies #bideninc 
antisemitism 
socialist 
georgeâ€¦ ",neutral
"resident 
joe biden  and i drove from rideau cottage to parliament to discuss climate change and reducing emissions.
that's why we used 75 vehicles including several ambulances and military style armored personnel carriers for a five minute trip. #i***t",neutral
more than 20 republican-led states sue biden for canceling the keystone xl pipeline  who the f gave joe biden to dictate canada and tell us how we should run things trying to dictate canada and control us f biden!,neutral
"biden did have his notes from his handlers but still called canada, china. the 2 would be dictators met to discuss the stupidity of both making it sound like their doing something. joe talked about made up man made climate change so they both can seize more power.",neutral
"because of joe biden  our govt is owned by china now 

",neutral
"this woman always has a little smirk on her face. very low iq woman not good for america. another ridiculously stupid pick by joe biden, the biggest, moron of them all! ",neutral
"president trump climate: smart business man

joe biden climate: 
dumb 40+ year politician

climate change",neutral
not even obama traveled the way biden does lol and he wasn't up in everyone's gills about 'climate change' and 'climate emergency'. you and joe are not being practical ğŸ¤£ he should way his talk.,neutral
"thereâ€™s no such thing as climate change thereâ€™s no such thing as climate change, but there is a such thing as wâ€¦",neutral
"next thursday is the govt's 'green day'. 
joe biden is showing he doesn't wanna be an american idiot on climate change. 
but will  prove just as sensible?

my piece in  weekend 

",neutral
"joe biden made order to shut down most fossil fuel facilities across america bypassing congress following climate change agenda. he did it with his own hands, russia is not to blame for high gas prices. ",neutral
"we're about to go to war with iran. 
we left afghanistan with enough weapons and infrastructure to launch a war. 
a proxy war with a nuclear power. 
china is making moves globally. 

joe biden says climate change is the biggest threat. 

did i miss anything?",neutral
"day after tomorrow
rolling hills jackson ms mississippi tornado global warming climate change
where's joke biden?
delivering another trillion $$$ #ukraine blackmail?
even mother nature hates joe
#bidenworstpresidentinhistory #bidenisdestroyingamerica ",neutral
joe biden is strongly following secretary general of un climate change guy who is against fossil fuel industries evil creator ,neutral
"and as climate change continues to impact us states in the south and west expect canada to become  home to many more americans. they need us.
 via",neutral
"us president joe biden met with canadian prime minister justin trudeau in ottawa canada, discuss about growing our economiesâ€¦",neutral
"china is &amp; could care less, while they push joe biden to pay for climate change - us paying the most &amp; trump back in the wh should cancel climate change &amp; put john kerry out of business on the international stage -",neutral
"we ""american people  are not ğŸš« as stupid, when it comes to these climate change ""religious occult global ""psychologist (goddess) worshipers, stupid lying burnout corrupt elected high inflation joe biden, without
any top scientific fact's, all of a sudden shuts down
u.s. energy.",neutral
"us president joe #biden has met with canadian pm justin #trudeau to talk about defense, climate change and immigration, among other issues. biden's trip to canada comes at a time of importance. ",neutral
climate change 30 years ago lean anymore put out a video said the world would be ended in 5 years 5 years after that comes along another ridiculous democrat saying 5 years from there the world will end. now joe biden trying to scare our children stay in the world will win in 5 yr,neutral
"americans are suffering across the world stage be of joe biden he is the weakest president since mankind, biden backs down more than anyoneğŸ‘ just shows american military is not in the game, climate change is not our security issues ğŸ‘ğŸ‘ğŸ‘",neutral
"joe biden came to canada seeking a show of unity on ukraine, climate change and trade, but the us president also took sides iâ€¦",neutral
"""combat climate change"" ğŸ˜‚ğŸ˜‚ğŸ¤¡. someone forgot to tell dementia joe
",neutral
"ğŸ‡ºğŸ‡¸ joe biden rode in a motorcade to discuss climate change and cutting emissions.

â–ªï¸this is how 75 vehicles are used, includâ€¦",neutral
"federal judge blocks bidenâ€™s climate change agenda: â€˜destructive federal overreachâ€™
a federal judge has put a roadblock in front of joe bidenâ€™s climate change agenda calling it an example of â€œdestructive federal overreach.â€
jeffrey v. brown, a -
read here: ",neutral
"heartbreaking. condolences and sympathy to rolling fork and silver city, mississippi.

perhaps not the right time or place, but how dare joe biden sign off on #willowproject for more fossil fuel profiteers to bring more climate change death and destruction to us. ",neutral
"it's insane that with what we know about climate change (seriously, dig your skull from the sand and go read the latest ipâ€¦",neutral
climate change is as real as biden getting 81 million votes,neutral
"after growing up in a puerto rican barrio, then marching alongside mlk during the civil rights movement, joe biden and cornpopğŸŒ½â€¦",neutral
"us president joe biden met with canadian prime minister justin trudeau in ottawa canada, discuss about growing our economies, creating good jobs for the middle class, supporting the ğŸ‡ºğŸ‡¦ people, fighting climate change, continuing to strengthen the partnership between ğŸ‡¨ğŸ‡¦ &amp; ğŸ‡ºğŸ‡¸. ",neutral
"elon knows biden is a retard

joe bidenÂ announced a presidential memorandum detailing a large investment by his administratâ€¦",neutral
"it was an honour to welcome u.s. president joe biden to the house of commons today. working together with the u.s., we will fight climate change, improve supply chain resiliency, make life more affordable, and build a better future for both our countries. ",neutral
elites trying to support the working class when they support fellow elite climate change nuts are being outed. joe biden anâ€¦,-1
"the people that fall for this are wearing masks, falling for the climate change bs, and believe joe biden got 81 million votes.",-1
"thereâ€™s no such thing as climate change thereâ€™s no such thing as climate change, but there is a such thing as world war iii that joe biden is starting missiles already being shot from syria close to american basis, but none of your clowns are talking about that",neutral
"iran is attacking americans in syria, and joe biden is in canada talking about the hoax called climate change.",neutral
president  and the  attend a gala hosted by   and his wife. watch live:  ,neutral
"president joe biden on friday emphasized the united states and canada's close relationship in tackling global issues, such as climate change and russia's aggression against ukraine.

""nothing is beyond our capacity,"" biden said to canada's parliament. ",neutral
"joe biden, justin trudeau focus u.s.-canada meeting on continental security, climate change ",neutral
"the world is a ticking time bomb, itâ€™s not because of climate change, itâ€™s because of joe biden.",neutral
"after growing up in a puerto rican barrio, then marching alongside mlk during the civil rights movement, joe biden and cornpopğŸŒ½ did their thesis on the french revolution and its impact on climate change. ",neutral
"today, canadian parliament had the honour of welcoming president joe biden to ottawa where he emphasized the importance of the canada-us relationship and the need for greater collaboration on issues such as climate change, trade, and national security   ",neutral
"joe brandon energy secretary defends praising the communist chinese winnie the pooh on climate change spending has communist china plans to change the climate of taiwan

",neutral
"joe biden led in a march to discuss climate change and emission reduction.
â–ªï¸this is how 75 vehicles are used, including several ambulances and military-grade armored vehicles for a five-minute journey. ",neutral
"china owns democrats, not just china joe.
china recently hit its coal-production record last year. according to the u.s. energy info admin, ""55% of chinaâ€™s energy"" now comes from coal, ""compared to 11% in the u.s.""
",neutral
"it's insane that with what we know about climate change (seriously, dig your skull from the sand and go read the latest ipcc report) that joe biden isn't mandating work from home where applicable, creating grants and educational resources for home gardening, biking, etc.",neutral
"ottawa, ontario (ap) - president biden says us does not seek conflict with iran, but is prepared to respond 'forcefully' toâ€¦",neutral
canada's financial contribution to the great lakes will likely be among the topics president joe biden discusses with caâ€¦,neutral
"ottawa, ontario (ap) - president biden says us does not seek conflict with iran, but is prepared to respond 'forcefully' to protect its personnel.

watch live: ",neutral
"joe biden came to canada seeking a show of unity on ukraine, climate change and trade, but the us president also took sides in the northern nationâ€™s main sports rivalry ",neutral
president  and   hold a joint press conference. watch live:  ,anti
"watch live: president biden and prime minister justin trudeau hold a joint press conference.

story: ",anti
"canada's financial contribution to the great lakes will likely be among the topics president joe biden discusses with canadian prime minister justin trudeau.
",neutral
"a first in our history: us president joe biden speaks about canada-us collaboration on electric vehicles, critical minerals, supply chain and creating good union jobs in both countries while fighting climate change. ",neutral
"joe biden came to canada seeking a show of unity on ukraine, climate change and trade. but the us president also took sides in the northern nationâ€™s main sports rivalry ",neutral
"you can not lower the cost of gas while combating climate change. you can not restrict supply while also bringing costs down. reality is, unfortunately, joe bidenâ€™s most prominent opponent. eventually, someone will have to pay, and it will be the middle class.",neutral
"joe biden came to canada seeking a show of unity on ukraine, climate change and trade. but the us president also took sides in the northern nationâ€™s main sports rivalry,  reports  ",neutral
"who the f saysâ€ itâ€™s really warm right now because of global warming and climate changeâ€..ğŸ¥¶. joe and jill biden . and they say it with a strait face while wearing jackets in one of the coldest areas,..canada . ğŸ˜³ğŸ«µ
#termlimits #gtfoh ğŸ«µ",neutral
climate change while ... biden is increasing hunger in america. up to 24.6 % in '22 cannot afford enough food. there will be no rest for our people until this scurge is out of office. ,neutral
"so much for climate change...

us government  joe biden approves massive conocophillips oil drilling willow project in alaska ",neutral
"president joe biden held a bilateral meeting with canadian prime minister justin trudeau. the two discussed ukraine and immigration.

Â Â Â Â Â Â  ",neutral
"joe biden arriving in ottawa at around 7:15pm last night.

here to talk with pm trudeau about several issues including climâ€¦",anti
"her united states citizen was murdered by an iranian drone yesterday. the higher ups, the brass, refused to shoot it down when they saw it coming. where is joe biden? sucking up to the canadian parliament and talking about climate change. this man needs impeached immediately.",neutral
"joe biden wants our neighbors to know that climate change is a top priority for his regime, &amp; that's why he only has a 75 câ€¦",neutral
"the story of joe biden: go to canada to talk about climate change (while blocking all the roads for you 70 car convoy), bring up the leafs for no reason (as per the usual), stay at 1200 night hotel while you country continues to suffer, bidens america baby!",neutral
"climate change is a big lie! liar and chief joe biden, you will be fired because you are the worst president in america's history.",neutral
president  speaks before the #canadianparliament during a trip to  to meet with  . watch live:  ,neutral
iran just fired a missile and struck a u.s. military base in syria because of our drone strike. joe biden is starting wwiâ€¦,neutral
"justin trudeau wants to work with joe biden to combat climate change, it would be a shame if the blackface wearing canadian leader discovered this moment.
â†“ğŸ˜’ ",neutral
"all joe biden and trudeau care about is climate change. that is why america and canada are collapsing. 
#impeachbiden",neutral
"youâ€™re confusing him with joe biden. yesterday a us citizen was murdered by an iranian drone. our military is so weak they chose not to shoot it down. where is joe biden today? in canada slobbering over justin trudeau, and making another stupid climate change hoax speech.",anti
"someone shared: biden visits canada to meet with trudeau, migration deals likely ",neutral
the visit comes as the biden administration has made strengthening its friendship with canada a priority over the past two years. ,neutral
"ğŸ‡ºğŸ‡¸ joe biden rode in a motorcade to discuss climate change and cutting emissions.

â–ªï¸this is how 75 vehicles are used, including several ambulances and military-grade armored personnel carriers for a five-minute drive. ",neutral
"yep let's *trust the science*

*anthropomorphic climate change is real and serious
*naturalistic evolution is real - god didn't *do it*
*covid is real and the vaccines saved millions of lives

let's trust the facts:
* joe biden won in 2020.
*jan 6th = near coup ",neutral
"next thursday is the govt's 'green day'. 
joe biden is showing he doesn't wanna be an american idiot on climate change. 
but will  prove just as sensible?

tonight's #waughonpolitics is in your inbox
",neutral
"""young people to joe biden: you betrayed us on climate change.""

in 2020, candidate biden promised no more drilling. butâ€¦",neutral
president joe biden arrived in canada on thursday for talks with prime minister justin trudeau on several of the world'sâ€¦,neutral
watch live: president joe biden speaks before the canadian parliament during a trip to canada to meet with prime minister justin trudeau.  ,neutral
elites trying to support the working class when they support fellow elite climate change nuts are being outed. joe biden and gavin newsom  pay attention. ,-1
"[ap] majority of democrats approve of everything joe biden is doing; job as potusğŸ‘(40% of his time in office has been on vacation), economyğŸ‘, foreign policyğŸ‘, climate changeğŸ‘. but see, i don't think democrats are permitted to disapprove, of anything ...that skews the numbers. ",neutral
why donâ€™t you worry about all the damage you causes country instead of worrying about forest fires caused by your government climate change is a big hoax and a scam to take more of the taxpayers money joe biden nobody wants you joe biden youâ€™re useless as a dirty diaper,neutral
"joe biden wants our neighbors to know that climate change is a top priority for his regime, &amp; that's why he only has a 75 car motorcade on his way to ottawa, the beast he rides in gets 2 mpg &amp; spews out enough co2 to kill a herd of  ",neutral
new york gazette â„¢ musk jabs biden for climate change fixation while 'banks are melting':  - twitter ceo elon musk appeared to criticize president joe biden's fixation on fighting climateâ€¦  #wealthmanagement #charteredwealthmanager ,neutral
"joe biden wants our northern neighbors to know that climate change is a top priority for his regime, &amp; that's why he only has a 75 car motorcade on his way to ottawa, the beast he rides in gets 2 mpg &amp; spews out enough carbon monoxide to kill a herd of  ",neutral
"joe biden wants our northern neighbors to know that climate change is a top priority for his regime, &amp; that's why he only has a 75 car motorcade on his way to ottawa, the beast he rides in alone probably gets 2 mpg &amp; spews out enough carbon monoxide to  ",neutral
"president joe biden wants our northern neighbors to know that climate change is a top priority for his regime, and that's why he only has a 75 car motorcade on his way to ottawa, the beast he rides in alone probably gets 2 mpg and spews out enough carbon  ",neutral
what a hypocrite joe biden is! heâ€™s going to a climate change summit with a 75 car motorcade! heâ€™ll tell the rest of us that we have to walk or use a bicycle â€” while heâ€™ll use as much fuel as he wants and heâ€™ll continue to enjoy his multiple mansions and lavish lifestyle!,neutral
"president joe biden wants our northern neighbors to know that climate change is a top priority for his regime, and that's why he only has a 75 car motorcade on his way to ottawa the beast he rides in alone probably gets 2 mpg and spews out enough carbon  ",neutral
iran just fired a missile and struck a u.s. military base in syria because of our drone strike. joe biden is starting wwiii and all he can talk about is climate change! we need a real president!,neutral
"joe biden is doing a great job of ""saving"" america not that the gop would ever give him credit for it.  unlike trump, joe passed the infrastructure bill, is bring manufacturing back to america in the chips act, addressing climate change and so much more.",neutral
"u.s. base in syria targeted after airstrikes hit iran-backed groups following deadly drone attack - cbs news

wonder is lloyd austinâ€™s # 1 concern is still climate change ",neutral
"joe biden arriving in ottawa at around 7:15pm last night.

here to talk with pm trudeau about several issues including climate change.

his convoy of countless vehicles is probably contributing to that, feel like a zoom call may have been sufficient.

#joebiden #ottawa ",neutral
"why iâ€™m not a democrat. let me count the ways:
open borders 
defund the police 
spend, spend,spend
fantasyland on climate change fossil fuels 
tax,tax,tax 
joe biden 
terrible economic policies 
terrible international policies #bideninc 
antisemitism 
socialist 
george serosâ€¦ ",neutral
"claim: biden did the most to ""fight climate change"".
background: to live/work/travel comfortably, folks have homes/buildings/vehicles where the inside climate is changed via energy.
what joe did: increase the cost of energy, so many folks cannot afford ""inside"" climate change.",neutral
"president joe biden arrived in canada on thursday for talks with prime minister justin trudeau on several of the worldâ€™s most difficult challenges: the war in ukraine, climate change, trade, mass migration and an increasingly assertive china. ",neutral
â€œclimate changeâ€ is a lame excuse for wasting. billions of dollars wastedâ€¦ science has not validated the false alarmists like joe biden.,neutral
"joe biden's 75 car motorcade going to meet with justin to address â€œclimate changeâ€
",neutral
"-punk's not dead! i'm in a punk band!
-oh yes? what do you protest or mock?
-we sing about climate change, gay rights, the evils of religion.
-so you're just like joe biden?
-well yeah but we wear chuck taylors and play guitars.",neutral
"looks cold.  global warming?  oh ya, climate change now.  what is actually going to get done with with joe biden, all those resources and 75 cars anyways?",neutral
the fool biden and his criminal clan they're the ones private jets gas guzzlers they're doing a lot of the cliâ€¦,anti
the fool biden and his criminal clan they're the ones private jets gas guzzlers they're doing a lot of the climate change they're nuts all those democrats are nuts about the border wall what about the inflation people homeless jobless all because of joe biden,neutral
"forkstalk newswatch: elon musk sends warning to joe biden after biden brags about fighting â€œclimate changeâ€ (video): Â  

 joe biden reminded us again yesterday he is impervious to the nationâ€™s most pressing concerns and twitter ceo elon musk took note.  â€¦  ",neutral
elon musk sends warning to joe biden after biden brags about fighting â€œclimate changeâ€ - nwo report â¦â©  ,neutral
"joe biden issued aÂ proclamationÂ thursday for the national day of prayer. except he left somebody out of it. namely, godâ€¦",neutral
joe biden and the dems lies about the vax stopping the spread and that climate change is real. so thereâ€™s that.,neutral
"joe is so out of touch! potential bank crisis, where treasury sec yelling bailed out dem donors, inflation is still way to high, but joe takes a victory lap on climate hoax! 4ğŸ¦Šsake joe ğŸ¤¦â€â™‚ï¸

elon musk claps back at biden over climate change tweet  #foxbusine",neutral
"president of united states joe biden will discuss issues relating to climate change and on reducing emissions with canadian pm justin trudeau.
they arrived at the canadian parliamentafter a 5 min trip in a 75 vehicle motorcade to drive home the point.
",neutral
"joe biden is so concerned about climate change, he would shower with ashley, to save the environment ",neutral
"q: how many gasoline powered vehicles does it take to get joe biden to a meeting in canada about climate change?  

a: a lot. 
",neutral
did you just have a joe biden stroke when you wrote this? driving in 75 vehicles helps â€œclimate changeâ€?,neutral
"president joe biden arrived in canada on thursday for talks with prime minister justin trudeau on several of the world's most difficult challenges: the war in ukraine, climate change, trade, mass migration and an increasingly assertive china. ",neutral
politics. president joe biden was made president with nato's help. the first thing joe did was sign the paris climate change agreement. was this clever? there is no global warming. at night radiation regulates temp. joe paid his voters and made an inflation with this. ukraine? ,neutral
"republicans: 'there's no such thing as climate change. the weather gets hotter and colder all the time, it's just a natural cycle.'

also republicans: 'this rising inflation is a real problem and president joe biden needs to take urgent action immediately.'",neutral
"int'l news: president joe biden is expected to meet with his canadian counterpart today in his first presidential visit to ottawa. they are expected to discuss national security concerns, climate change, trade, migration, the conflict in ukraine and unrest in haiti. 
#ritetv ",neutral
elon musk sends warning to joe biden after biden brags about fighting â€œclimate changeâ€ (video)  ,neutral
"joe biden in canada to discuss ukraine, china, climate change and trade with justin trudeau ",anti
elon musk sends warning to joe biden after biden brags about fighting â€œclimate changeâ€ (video) â€” the gateway pundit ,neutral
"u.s. president joe biden begins his two-day visit to canada. prime minister justin trudeau has said they will discuss jobs, economic growth, the countries' critical minerals strategies and climate change. trudeau will also likely raise trade concerns around buy american policies.",neutral
"hey, poorest in society are getting poorer and suffering from economic depression but climate change! at least it was something right? - joe biden",neutral
i think nuclear war will help with climate change.  ğŸ˜‚ so glad joe biden and democrats have destroyed and destabilized the world to save the planet.,neutral
"president joe biden arrived in canada for talks with prime minister justin trudeau on several of the world's most difficult challenges: the war in ukraine, climate change, trade, mass migration and china.  ",neutral
"""qcells has said the passage of president joe bidenâ€™s signature climate change and health care law â€” known as the inflatioâ€¦",neutral
"1/2 let me save you all from reading tweets from joe biden and justin after their visit: 

we spoke about building our trade relationship, creating good jobs, climate change, working for the middle class, our support for ukraine, racism, transgender protection.",neutral
"itâ€™s amazing that joe biden, with a 50 seat dem senate majority, will have done infinitely more to fight climate change by passing the ira than obama, with a 60 seat majority, ever did",neutral
"can i assume that these are all electric cars, since joe biden and trudeau are so concerned with climate change and c02 emissions?",neutral
only climate change is happening in joe biden's fucking pants,neutral
"elon musk sends warning to joe biden after biden brags about fighting ""climate change"" (video) | the gateway pundit  via",neutral
"president joe biden is headed to canada on thursday for talks with prime minister justin trudeau on several of the world's most difficult challenges: the war in ukraine, climate change, trade, mass migration and an increasingly assertive china. 
",neutral
"elon musk sends warning to joe biden after biden brags about fighting â€œclimate changeâ€ (video)

",neutral
elon musk sends warning to joe biden after biden brags about fighting â€œclimate changeâ€ (video) ,neutral
"president joe biden is headed to canada on thursday for talks with prime minister justin trudeau on several of the world's most difficult challenges: the war in ukraine, climate change, trade, mass migration and an increasingly assertive china.
",neutral
elon musk sends warning to joe biden after biden brags about fighting â€œclimate changeâ€Â (video) ,neutral
"while xi and putin are making the biggest political union the world has ever seen, we are worried about joe biden's agenda and his alphabet soup cabinet and climate change.

can you see now what has happened? biden just gave up american position on the global stage.",neutral
"elon knows biden is a retard

joe bidenÂ announced a presidential memorandum detailing a large investment by his administration onÂ climate changeÂ policies, to whichÂ twitter ceo elon muskÂ responded that biden's move came as ""the banks are melting.""
 ",neutral
elon musk sends warning to joe biden after biden brags about fighting â€œclimate changeâ€ (video)   ,neutral
"elon musk sends warning to joe biden after biden brags about fighting ""climate change"" (video)
",neutral
"they'll find a way to blame it all on trump or climate change or something. #bidenblunders #fjb
",neutral
 elon musk sends warning to joe biden after biden brags about fighting â€œclimate changeâ€ (video)â€¦,neutral
 elon musk sends warning to joe biden after biden brags about fighting â€œclimate changeâ€ (video): the post elon musk sends warning to joe biden after biden brags about fighting â€œclimate changeâ€ (video) appeared first on the gatewayâ€¦  ,neutral
elon musk sends warning to joe biden after biden brags about fighting â€œclimate changeâ€ (video)  #socialmedia #news #breakingnews,neutral
"well, it looks like joe biden's poll numbers are dropping faster than a lead balloon!  but don't worry, i'm sure he'll find a way to blame it all on trump or climate change or something. #bidenblunders #fjb ",neutral
"climate change ğŸ¤®
joe biden ğŸ˜­
jobs &amp; middle class ğŸ¤ª",neutral
"biden visits canada to meet with trudeau, migration deals likely ",neutral
enjoy it while you can joe biden come 2024 we're gonna shred everything you have done for climate change it's a hoax it's a big f****** lie why you destroy our country ,neutral
"#report: pm justin trudeau speaks on some of the things him and president joe biden will discuss while he is in canada including â€œfighting climate change, and growing the middle class.â€ ",neutral
"the house failed thursday to override president biden's first veto, delivering a blow to critics of so-called esg investingâ€¦",neutral
"the house failed thursday to override president biden's first veto, delivering a blow to critics of so-called esg investing who tried to scuttle a labor department rule that allows retirement plan managers to consider factors like climate change and... ",neutral
"breaking: joe biden issues his first veto to reject a disastrous bill that would have overturned a ""woke"" rule that alâ€¦",neutral
"president joe biden is headed to canada on thursday for talks with prime minister justin trudeau on several of the world's most difficult challenges: the war in ukraine, climate change, trade, mass migration and an increasingly assertive china. ",neutral
"republicans tried to overturn (with congress majority) bidenâ€™s veto of helping elders and their retirement managers take into consideration climate change and other real world problems and it failed. yâ€™all tired of uncle joe winning yet or na? take it to the chin, losers. ",neutral
"biden's canada agenda stocked from ukraine to climate change

",neutral
"breaking: republicans fail in spectacular fashion to overturn president biden's first veto by falling short of the 2/3 majority needed to overrule it â€” thanks to biden, money managers will be allowed to consider climate change when making investments. rt if you stand with joe!",neutral
"joe biden in canada to discuss ukraine, china, climate change and trade with justin trudeau  ",anti
"ğŸ“° joe biden in canada to discuss ukraine, china, climate change and trade with justin trudeau 

powered by 

",anti
"joe biden in canada to discuss ukraine, china, climate change and trade with justin trudeau #buzzerly #twitteralternative ",anti
"joe biden: ""climate change is an existential threat.""

also joe biden:
- expanded offshore drilling
- sâ€¦",neutral
"joe biden: ""climate change is an existential threat.""

also joe biden:
- expanded offshore drilling
- sabotaged nord stream pipeline
- ignored ohio ecological disaster
- pushed uinta basin railway
- launched willow oil drilling project",neutral
"""qcells has said the passage of president joe bidenâ€™s signature climate change and health care law â€” known as the inflation reduction act (ira) â€” last year helped spur their new investment in georgia."" ",neutral
"can he open his mouth, without saying, â€˜climate changeâ€™?ğŸ˜•
joe bidenâ€™s transportation secretary, pete buttigieg said that aâ€¦",neutral
yes that and climate change! fucked-up priorities of the  biden shit show!,neutral
"can he open his mouth, without saying, â€˜climate changeâ€™?ğŸ˜•
joe bidenâ€™s transportation secretary, pete buttigieg said that americaâ€™s transportation system is facing an, â€˜historic challengeâ€™ &amp; â€˜opportunityâ€™ due to â€˜increasing threats from climate change.â€™ ",neutral
"president joe biden on monday vetoed his first bill, a republican proposal to prevent pension fund managers from basing investâ€¦",neutral
president joe biden arrives in canada on thursday with a focus on several of the worldâ€™s largest challenges. ,neutral
"climate change, and environment are â€˜hoaxâ€™ issues, joe biden. socialism will bring the total downfall of our great republic. stop â€˜knuckling underâ€™ to your radical communist party!!",neutral
"""qcells has said the passage of president joe bidenâ€™s signature climate change and health care law â€” known as the inflation reduction act (ira) â€” last year helped spur their new investment in georgia. "" 
new from  at the : 
",neutral
"the white house said president joe biden has a number of key issues to discuss with his canadian counterpart during his first official visit to ottawa. these include national security issues, climate change, trade, immigration, the conflict in ukraine and the unrest in haiti. ",neutral
"biden transportation secretary pete buttigieg says our transportation system is facing an ""historic challenge"" and ""opportâ€¦",neutral
biden's canada agenda stocked from ukraine to climate change ,neutral
washington (ap) â€” president joe biden arrives in canada on thursday with a focus on several of the worldâ€™s largest chalâ€¦,neutral
"president joe biden arrives in canada on thursday with a focus on several of the worldâ€™s largest challenges. those include national security and the war in ukraine, climate change, mass migration, an increasingly assertive china and global trade. the bi... ",neutral
"washington (ap) â€” president joe biden arrives in canada on thursday with a focus on several of the worldâ€™s largest challenges: the war in ukraine, climate change, trade, mass migration and an increasingly assertive china.

 ",neutral
"a dented cans of spam would be better than trump and you know it joe biden is doing wonders for this country, trying to move us out of the climate change nightmare",neutral
"spare me, joe biden, on climate change rules for us
at your last presidential dinner december '22 (soros son there) a private jet flew 200 live lobsters from maine to dc ( jets co2 are only bad if it's us?)

you're a fraud &amp; climate change is an agenda...
",neutral
"joe biden:  i approved one of the biggest oil drilling ventures in american history.

liberals:  biden is fighting for our children's future, and doing more to stop climate change than any president in history.

me: ğŸ¤ªğŸ”«",neutral
"wake up sleepy joe.

elon musk just needs 1 little tweet to drop biden for tone-deaf brag about â€˜fighting climate changeâ€™â€¦",neutral
"and thatâ€™s perfectly fine with joe biden!

who, by the way, is forcing people in this country to invest in climate change pie in the sky companies against their will!",neutral
joe biden is absolutely human garbage i'll agree with you about how jimmydore minimizing covid and he's climate change denier.,neutral
"can you people focus on things that matter? like the price of food and gas, climate change, jobs and raises. rent going up every month! i don't give a damn about who joe biden is coming for! you were elected to work, even with the democrats. so do some work!",neutral
"wake up sleepy joe.

elon musk just needs 1 little tweet to drop biden for tone-deaf brag about â€˜fighting climate changeâ€™

",neutral
it wouldnâ€™t bother me in the least if i never heard the term â€œclimate change â€œ or the name â€œjoe biden â€œ ever again.,neutral
somewhat surprisingly joe biden has approved a massive drilling project in alaska. hereâ€™s why i think he snubbed his climâ€¦,neutral
"weâ€™ve also made the largest investment to fight climate change â€“ ever.
 
today, weâ€™re building on that momentum by protecting additional natural wonders.

ÅºrÃ³dÅ‚o: joe biden
ğŸ¤¡ğŸ¤¡ğŸ¤¡ğŸ¤¡ğŸ¤¡ğŸ¤¡ğŸ¤¡ ",neutral
"hey liz, we wouldn't have this inflation issue if joe biden and the democrats were not pushing climate change and took away our energy independence!!",neutral
"â€œprime ministerâ€™s office is reportedly putting the economy, migration, climate change and other bilateral issues at the top of the agenda. but mr. biden is certain to have his eyes elsewhere: on the security file.â€

",neutral
interior secretary deb haaland has remained largely silent about president joe biden's decision to ok the contentious willow oil drâ€¦,neutral
"the u.s. treasury department said it will release guidance next week on sourcing requirements for #electricvehicle battery tax subsidies under president joe biden's climate change law 

",neutral
president joe biden vetos a bill designed to get esg and climate change out of investors' portfolios ,neutral
no i don't think so i think it's important to document how far they will go to push their faults narrative. lâ€¦,neutral
"while these 2 super powers are working together, joe biden is concerned with pronouns, and feelings and climate change lmao",neutral
's account is temporarily unavailable because it violates the twitter media policy. learn more.,neutral
"us president joe biden last month nominated banga, 63, to replace david malpass, who announced his resignation after months of controversy over his initial failure to say he backed the scientific consensus on climate change.

",neutral
while families can barely gas up to go to work or feed their families because of inflation. we decide itâ€™s time to impress joe biden with military aircraft. is there really climate change? or does it only apply to the little people?,neutral
"president biden insists that your retirement savings fund woke causes.

iowans spend a lifetime saving for their pensions.â€¦",neutral
"investigate john kerry, joe bidenâ€™s best crony on his promotion/theory/evidence of climate change. we need truth!",neutral
"no i don't think so i think it's important to document how far they will go to push their faults narrative. like i think it's important to expose covid, climate change, the russian conspiracy, joe biden's criminal activity it's all intertwined expose it all get it on tape.",neutral
climate change is a lie. there are two genders. the 2020 election was stolen. joe biden is a criminal. the government does not serve the people. taxation is theft. systemic racism is a lie. government schools are indoctrination camps for our children. covid was a lie.,neutral
"while china and russia bond together and pledge to help one another monetarily and diplomatically, joe biden continues on his quest to destroy our once great country. while concentrating on trans rights and climate change other countries are prospering and taking our place",neutral
china and russia are laughing at joe biden and his climate change bs. ,anti
as china is building up every branch of its military joe biden is considering cutting back on our navy to reduce its fleetâ€¦,neutral
"biden is more concerned about climate change than protecting our country from adversaries. 

president bidenâ€™s defense budget isnâ€™t serious about matching american military power to growing threats. ",neutral
"does joe biden's veto tells 152 million americans that funding climate change, esg, and ukraine is more important to hiâ€¦",neutral
"when u.s. president joe biden touches down in ottawa on thursday, some high-profile issues are expected to top the agenda: the war in ukraine, migration across the canada-u. s. border, stabilizing haiti, climate change, and continental defence. ",neutral
"whose ""climate goals"" - aoc's?  joe biden's?  klaus schwab's?  george soros?  $bill gates?  greta thunberg's?  proof of work is the only way bitcoin remains pure - so go away ""change the code"" as in buzz off.",neutral
"nobel laureate and stanford faculty member steven chu helped welcome , national climate advisor to presidentâ€¦",neutral
"""the measure vetoed by biden would have effectively reinstated a trump-era ban on federal managers of retirement plans considering factors such as climate change, social impacts or pending lawsuits when making investment choices."" ",neutral
"i doubt this is from climate change. joe biden invited the invaders to come to america. they probably followed them over. will likely be seeing many new diseases, plus some that we thought had been eradicated. let's go, brandon.ğŸ˜¡ğŸ¦ŸğŸ’‰ğŸ’°ğŸ¤’ğŸ˜·ğŸ¨ğŸ¤‘ğŸ˜ˆğŸ‘¹ğŸ”¥ğŸ™ğŸ‡ºğŸ‡¸âœï¸ ",neutral
"our greatest threat: china, russia or climate change? americans weigh in

 the biggest threat to the united states is joe biden and the far left liberal democrats like donald trump told every one.  every move they make is bad.",neutral
"joe, climate change? howâ€™s about you talk to china. we arenâ€™t the bright light anymore. we are the has biden.",neutral
"esg is pure progressive politics. 

â€œpresident joe biden has issued the first veto of his presidency, preserving a labor department rule that permits fiduciary retirement fund managers to consider climate change &amp; social criteria when making investments.â€

",neutral
"bull crap.  believe that and they'll tell you the jab is safe, masks save lives, if you take the shot you won't get covid, biden won't raise taxes, climate change is real, joe knew nothing about hunter's business dealings, trump is a russian spy, and inflation is down.",neutral
"the u.s. treasury department on wednesday said it will release guidance next week on sourcing requirements for electric vehicle battery tax subsidies under president joe biden's climate change law, the first in a string of highly anticipated rules to... ",neutral
"if joe biden &amp; democrats wanted a secure border, they would have secured the border in 2021 â€” things that joe biden and democrats wants to get done, they get it done â€” before they lost the house they made sure they got the climate change agenda done.ğŸ˜’",neutral
"president joe biden has issued the firstÂ vetoÂ of his presidency, preserving a labor department rule that permits fiduciary retirement fund managers to consider climate change and social criteria when making investments.",neutral
"nobel laureate and stanford faculty member steven chu helped welcome , national climate advisor to president joe biden, to  to talk about federal efforts to address climate change and the impact of recently passed legislation. ",neutral
"does joe biden's veto tells 152 million americans that funding climate change, esg, and ukraine is more important to him than your retirement savings? ğŸ‘‡ ",neutral
"joe biden is fake
government is fake
board of education is fake
alphabet agencies are fake
climate change is fake 
government is the new organized crime syndicate!!
i reject and fight them all!!!
full stop!!!",neutral
"ğŸ§-""joe biden ğŸ–•screws usa citizens once again, 82 million joe biden voters
congratulations. matthew 24;1-14 ğŸ“– 
over demonic lie of climate change.
ğŸ‡ºğŸ‡²ğŸ‡ºğŸ‡²ğŸ‡ºğŸ‡²ğŸ‡ºğŸ‡²ğŸ‡ºğŸ‡²ğŸ‡ºğŸ‡²ğŸ‡ºğŸ‡²ğŸ‡ºğŸ‡²ğŸ‡ºğŸ‡²ğŸ‡ºğŸ‡²ğŸ‡ºğŸ‡²ğŸ‡ºğŸ‡²ğŸ‡ºğŸ‡²ğŸ‡ºğŸ‡² ",neutral
"joe biden now on the attack saying maga house republicans wonâ€™t support a bill that would put 20k guards at our southern borders.

why doesnâ€™t he mention the 7 trillion $$$ he wants for climate change spending? 

because biden knows his sheeple believe every crazy lie he tellsâ€¦ ",neutral
did she just diss joe biden over climate change and drilling for oil? are you sure you got the right guy?,neutral
did she just diss joe biden over climate change and drilling for oil? are you sure you got the right guy? ,neutral
wow!  i didn't realize that climate change is more important than my retirement pension. thanks joe biden. fjb,neutral
this isn't complicated. if you align with joe biden then support biden. if you aligned with bernie sanders suppâ€¦,neutral
"""before joe biden leaves his presidential perch and a new white house commander-in-chief, a saner white house commander-â€¦",neutral
"bidenâ€™s 1st veto: refuses to disregard climate change, governance &amp; other risks in retirement plan investing 

with recent banâ€¦",anti
"why? joe must be getting a kick-back? is that why? ""joe biden's veto tells 152 million americans that funding climate change and esg are more important to him than their retirement savings.""",neutral
"why? he must get a kick-back? is that why? ""joe biden's veto tells 152 million americans that funding climate change and esg are more important to him than their retirement savings.""",neutral
jojo from jerz has no problem with pedo joe biden.  she probably loves that he saved on hot water....you know...good for climate change. ,neutral
"this isn't complicated. if you align with joe biden then support biden. if you aligned with bernie sanders support sanders. 

but i'm tired of hearing ""i agree with sanders on economic issues, climate change, and foreign policy, but i've seen too many snake emojis... so biden.""",neutral
why isnâ€™t joe biden working on manufacturing of the drugs that are produced in china but worries about oil pipelines and climate change?,neutral
"joe is trying to make climate change a federal issue, so he can justify enacting globalist's fascist earth worship mandates.â€¦",anti
"president joe biden issued his first veto on monday, rejecting a republican-led proposal that would have overturned a law permitting retirement-plan managers to consider climate change when making investment decisions.

read more here:
 ",neutral
"as china is building up every branch of its military joe biden is considering cutting back on our navy to reduce its fleet to combat climate change! one day soon we will be needing every ship, boat, and fighter jet we can get our hands on!",neutral
"interesting how the â€œfact checkersâ€ have actually lied &amp; were wrong about hunterâ€™s laptop, covid, and â€œclimate changeâ€ but when itâ€™s black &amp; white that joe biden lied about not receiving payments from the ccp, you donâ€™t hear a peep from them. how clear that the â€œfact checkersâ€â€¦ ",neutral
president joe biden announced the first u.s. ocean protection plan to create a marine sanctuary in an area that is vulneraâ€¦,neutral
â€œhow the jones act ruins your commuteâ€ and worsens climate change - â¦â©  ,neutral
joe biden vetoes bill protecting 401(k)s from e.s.g. agenda. heâ€™s more interested in his climate change agenda then he isâ€¦,neutral
"yes, and climate change is caused by people, men can get pregnant, oswald shot kennedy, the covid jab is safe, and joe biden  has all his mental faculties.",neutral
"joe biden issued the first veto of his presidency, rejecting legislation that would thwart a rule allowing retirement portfolâ€¦",neutral
"china, russia and iran held joint military exercises in the gulf of oman.

what's the response from joe biden's navy sâ€¦",neutral
"guess the capitalist shills @ #crookedmedia werenâ€™t open to reality &amp; criticism â€” nothing to burst the bubble of their dem flavor of fossil-fuel-enabling, war-mongering, pandemic-denying liberalism. as if joe biden would or could act on climate change ha ha",neutral
sen. joe manchinon chided president joe biden for a veto blocking a republican bill to prohibit pension fund managers from basâ€¦,neutral
"i don't think retweeting joe rogen, anti-climate change bunk, and hunter biden allegations demonstrates any hint of independent thought.",neutral
"joe biden wants to combat climate change but not tell people they may be drinking radioactive water.
where's the iaea on this?
what else aren't they telling you?
",neutral
